﻿<?xml version="1.0" encoding="utf-8" ?>
<configuration>
	<StreamTablePath>C:\Users\sui55523\OneDrive - Hatch Ltd\Desktop\Sergiy\StreamTable\Stream Tables.xlsx</StreamTablePath>
	<HeaderRow>1</HeaderRow>
	<!--Note: the order of the properties below is the order in stream table from top to bottom-->
	<Properties>Destination|Solids Recovery|Total Solids Flow|Total Liquid Flow|Pulp Mass Flow|Liquid SG|% Solids</Properties>
	<!--Note:Multi line property name and Multi line number ( must be 2 to 4)-->
	<MultiLinePropertyNameNumber>Destination|4</MultiLinePropertyNameNumber>
	<PropertyHeader>Header Name</PropertyHeader>
	<PlacePointX>45.5</PlacePointX>
	<PlacePointY>87.5</PlacePointY>
	<TableName>Sheet2</TableName>
	<BorderName>A1_Border.dgn</BorderName>
	<BubbleTagSet>PFD_STREAM_sq</BubbleTagSet>
</configuration>
