<?xml version="1.0" encoding="utf-8"?>
<configuration>		
	<!--Note: 1. The MEL in SharePoint has higher priority.-->
	<!--Note: 2. Make sure following columns exist in MEL and column names below align with column names in MEL-->
	<MELSharePointPath>https://hbjv.sharepoint.com/sites/Engineering/Engineering%20Work%20Instructions/TagManagement/RU24010-0000-25-000-0001_MEL.xlsx</MELSharePointPath>
	<MELFullPath></MELFullPath>
	<MELSheetName>MEL</MELSheetName>
	<!--<EquipCode>TK</EquipCode>-->
	<HeaderRow>10</HeaderRow>
	<!--<ConcreateThickness>0.2</ConcreateThickness>
	<PlantRotationDegreeAboutZ>0.394053</PlantRotationDegreeAboutZ>-->
	<AreaColumn>Area</AreaColumn>
	<EquipmentCodeColumn>Equip. Code</EquipmentCodeColumn>
	<TagNumberColumn>Equip. Tag</TagNumberColumn>
	<DescriptionColumn>Description1</DescriptionColumn>
	<Description2Column>Description2</Description2Column>
	<!--<DesignCapacityColumn>Design Capacity</DesignCapacityColumn>
	<DiameterColumn>Width/Dia.</DiameterColumn>
	<HeightColumn>Height</HeightColumn>
	<CWPColumn>CWP</CWPColumn>
	<EWPColumn>EWP</EWPColumn>-->
	<!--<PFDColumn>PFD No.</PFDColumn>-->
	<PIDColumn>PID No.</PIDColumn>
	<!--<PackageNumberColumn>Package No.</PackageNumberColumn>
	<InternalMaterialColumn>Internal Material</InternalMaterialColumn>
	<ExternalMaterialColumn>External Material</ExternalMaterialColumn>
	<DryWeightColumn>Dry Weight (kg)</DryWeightColumn>
	<OperatingWeightColumn>Operating Weight (kg)</OperatingWeightColumn>
	<DiameterUnitColumn>Width/Dia. Unit</DiameterUnitColumn>
	<CapacityUnitColumn>Design Capacity Unit</CapacityUnitColumn>-->
</configuration>