﻿<?xml version="1.0" encoding="utf-8" ?>
<configuration>
	<PipeMTOFullPath>C:\Users\sui55523\OneDrive - Hatch Ltd\Desktop\Sergiy\RoutePipe\SCI24001-0000-35-000-0002_PipingMTO.xlsx</PipeMTOFullPath>
	<PipeMTOSheetName>Piping MTO</PipeMTOSheetName>
	<LineNoColumn>3</LineNoColumn>
	<LineDescriptionColumn>4</LineDescriptionColumn>
	<LineLengthColumn>5</LineLengthColumn>
	<ElbowQtyColumn>6</ElbowQtyColumn>
	<StartCoordColumn>7</StartCoordColumn>
	<EndCoordColumn>8</EndCoordColumn>
	<FromColumn>9</FromColumn>
	<ToColumn>10</ToColumn>
	<RangeTolerance>5</RangeTolerance>
	<ModelNameColumn>11</ModelNameColumn>
	<AssemblyFileName>MechnialAssembly.dgn</AssemblyFileName>
	<EqpNamePattern>^\d{2,4}-[a-zA-Z]{2,3}-\d{2,4}$</EqpNamePattern>
</configuration>

