<?xml version="1.0" encoding="UTF-8" standalone="yes"?>
<?xml-stylesheet type="text/xsl" href="structural_shapes.xsl"?>
<TriForma>
<!--Generated By MicroStation TriForma, version 08.09.04.96-->
<StructuralShapes>
<Code name="ProjectSpecific" isMetric="true">
<I-Shapes>

</I-Shapes>
<Angles>

</Angles>
<Channels>

</Channels>
<Tees>

</Tees>
<RectangularShapes>

</RectangularShapes>
<ConcreteTees>

</ConcreteTees>
<ConcreteTeesTapered>

</ConcreteTeesTapered>
<RectangularHollowSections>

</RectangularHollowSections>
<CircularHollowSections>

</CircularHollowSections>
<ChannelsWStiffFlanges>

</ChannelsWStiffFlanges>
<Zees>

</Zees>
<ConcreteElls>

</ConcreteElls>
<ConcreteEllsTapered>

</ConcreteEllsTapered>
<SolidRounds>
<SolidRound name="DUMMY" outerDiameter="1.000000"><Properties/></SolidRound>
</SolidRounds>
<Trapezoids>

</Trapezoids>
<TaperedWebRectangles>

</TaperedWebRectangles>
<DoubleTees>

</DoubleTees>
<PreCastIBeams>

</PreCastIBeams>
<PlateGirdersBox>

</PlateGirdersBox>
<PlateGirdersExt>

</PlateGirdersExt>
<AsymmetricBeams>

</AsymmetricBeams>
<RoofDecks>

</RoofDecks>
<FloorDecksWConc/>
<DoubleAngles>

</DoubleAngles>
<Hexagons>

</Hexagons>
<KoreanStaredSections/>
<Octagons>

</Octagons>
<StaredDoubleAngles>

</StaredDoubleAngles>
<HexagonHollowSections>

</HexagonHollowSections>
<OctagonHollowSections>

</OctagonHollowSections>
<DoubleChannels>

</DoubleChannels>
<PlateGirders>

</PlateGirders>
<CastellatedBeams/>
<NonCastellatedBeams/>
<Hats/>
<ZPurlins/>
<ButleribIIs/>
<ButlerMRs/>
<ButlerVSRs/>
<ButlerEaves/>
<ConcreteSuperTees/>
<ConcreteUs/>
<ConcreteBoxes/></Code></StructuralShapes></TriForma>
