﻿<?xml version="1.0" encoding="utf-8" ?>
<configuration>
	<StreamTablePath>C:\Users\Sergiy Sergiy\OneDrive\Desktop\RU24010-CADStreamTable.xlsx</StreamTablePath>
	<HeaderRow>1</HeaderRow>
	<!--Note: the order of the properties below is the order in stream table from top to bottom-->
	<Properties>Stream Description|Solids Mass Flow|Slurry Mass Flow|Water Volumetric Flow|Slurry Volumetric Flow|Slurry Density|Percent Solids|Gas Volumetric Flow|REE Concentration|Fe Concentration|Al Concentration|Temperature</Properties>
	<!--Note:Multi line property name and Multi line number ( must be 2 to 4)-->
	<MultiLinePropertyNameNumber>Stream Description|3</MultiLinePropertyNameNumber>
	<PropertyHeader>Stream No.</PropertyHeader>
	<PlacePointX>25.4</PlacePointX>
	<PlacePointY>82.55</PlacePointY>
	<PropertyCellWidth>55.55</PropertyCellWidth>
	<UnitCellWidth>27</UnitCellWidth>
	<StreamCellWidth>25</StreamCellWidth>
	<CellHeight>5</CellHeight>
	<TableName>CAD_StreamTable</TableName>
	<BorderName>RUGLEN-D.dgn</BorderName>
	<BubbleTagSet>PFD_STREAM_sq</BubbleTagSet>
</configuration>
