<?xml version="1.0" encoding="utf-8"?>
<configuration>		
	<!--Note: 1. The LDT in SharePoint has higher priority.-->
	<!--Note: 2. Make sure following columns exist in LDT and column names below align with column names in LDT-->
	<LDTSharePointPath>https://hbjv.sharepoint.com/sites/Engineering/Engineering%20Work%20Instructions/TagManagement/RU24010-0000-35-000-0001_PipingLineList.xlsx</LDTSharePointPath>
	<LDTFullPath></LDTFullPath>
	<LDTSheetName>Piping Line List</LDTSheetName>
	<HeaderRow>10</HeaderRow>
	<AreaColumn>Area</AreaColumn>
	<ServiceColumn>Service</ServiceColumn>
	<TagNumberColumn>Tag No.</TagNumberColumn>
	<InsulationTypeColumn>Insulation Type</InsulationTypeColumn>
	<PipeMaterialColumn>Pipe Material</PipeMaterialColumn>
	<ToColumn>Line/Equipment To</ToColumn>
	<FromColumn>Line/Equipment From</FromColumn>
	<PIDColumn>PID</PIDColumn>
</configuration>