<?xml version="1.0" encoding="utf-8"?>
<configuration>		
	<!--Note: 1. The MEL in SharePoint has higher priority.-->
	<!--Note: 2. Make sure following columns exist in MEL and column names below align with column names in MEL-->
	<MELSharePointPath>https://hbjv.sharepoint.com/sites/Engineering/Engineering%20Work%20Instructions/TagManagement/RU24010-0000-25-000-0001_MEL.xlsx</MELSharePointPath>
	<MELFullPath></MELFullPath>
	<MELSheetName>MEL</MELSheetName>
	<HeaderRow>10</HeaderRow>
	<AreaColumn>Area</AreaColumn>
	<EquipmentCodeColumn>Equip. Code</EquipmentCodeColumn>
	<TagNumberColumn>Equip. Tag</TagNumberColumn>
	<DescriptionColumn>Description1</DescriptionColumn>
	<Description2Column>Description2</Description2Column>
	<PIDColumn>PID No.</PIDColumn>
</configuration>