<?xml version="1.0" encoding="UTF-8" standalone="yes"?>
<?xml-stylesheet type="text/xsl" href="structural_shapes.xsl"?>
<TriForma>
<!--Generated By MicroStation TriForma, version 08.09.04.96-->
<StructuralShapes>
<Code name="Utilities" isMetric="true">
<I-Shapes>

</I-Shapes>
<Angles>

</Angles>
<Channels>

</Channels>
<Tees>

</Tees>
<RectangularShapes>
<RectangularShape name="30LOADBAR" d="30.000000" width="4.500000"><Properties/></RectangularShape>
<RectangularShape name="38LOADBAR" d="38.000000" width="6.000000"><Properties/></RectangularShape>
<RectangularShape name="40LOADBAR" d="40.000000" width="4.500000"><Properties/></RectangularShape>
<RectangularShape name="50LOADBAR" d="50.000000" width="4.500000"><Properties/></RectangularShape>
<RectangularShape name="COLLAR" d="130.000000" width="8.000000"><Properties/></RectangularShape>

</RectangularShapes>
<ConcreteTees>

</ConcreteTees>
<ConcreteTeesTapered>

</ConcreteTeesTapered>
<RectangularHollowSections>

</RectangularHollowSections>
<CircularHollowSections>

</CircularHollowSections>
<ChannelsWStiffFlanges>

</ChannelsWStiffFlanges>
<Zees>

</Zees>
<ConcreteElls>

</ConcreteElls>
<ConcreteEllsTapered>

</ConcreteEllsTapered>
<SolidRounds>
<SolidRound name="M10" outerDiameter="10.000000"><Properties/></SolidRound>
<SolidRound name="M12" outerDiameter="12.000000"><Properties/></SolidRound>
<SolidRound name="M16" outerDiameter="16.000000"><Properties/></SolidRound>
<SolidRound name="M20" outerDiameter="20.000000"><Properties/></SolidRound>
<SolidRound name="M24" outerDiameter="24.000000"><Properties/></SolidRound>
<SolidRound name="M30" outerDiameter="30.000000"><Properties/></SolidRound>
<SolidRound name="M36" outerDiameter="36.000000"><Properties/></SolidRound>
<SolidRound name="M42" outerDiameter="42.000000"><Properties/></SolidRound>
<SolidRound name="M48" outerDiameter="48.000000"><Properties/></SolidRound>
<SolidRound name="CROSSROD" outerDiameter="5.000000"><Properties/></SolidRound>
<SolidRound name="MIDRAIL" outerDiameter="25.000000"><Properties/></SolidRound>
<SolidRound name="POST" outerDiameter="32.000000"><Properties/></SolidRound>
<SolidRound name="SPDM" outerDiameter="100.000000"><Properties/></SolidRound>
<SolidRound name="TOPRAIL" outerDiameter="25.000000"><Properties/></SolidRound>

</SolidRounds>
<Trapezoids>

</Trapezoids>
<TaperedWebRectangles>

</TaperedWebRectangles>
<DoubleTees>

</DoubleTees>
<PreCastIBeams>

</PreCastIBeams>
<PlateGirdersBox>

</PlateGirdersBox>
<PlateGirdersExt>

</PlateGirdersExt>
<AsymmetricBeams>

</AsymmetricBeams>
<RoofDecks>

</RoofDecks>
<FloorDecksWConc/>
<DoubleAngles>

</DoubleAngles>
<Hexagons>

</Hexagons>
<KoreanStaredSections/>
<Octagons>

</Octagons>
<StaredDoubleAngles>

</StaredDoubleAngles>
<HexagonHollowSections>

</HexagonHollowSections>
<OctagonHollowSections>

</OctagonHollowSections>
<DoubleChannels>

</DoubleChannels>
<PlateGirders>

</PlateGirders>
<CastellatedBeams/>
<NonCastellatedBeams/>
<Hats/>
<ZPurlins/>
<ButleribIIs/>
<ButlerMRs/>
<ButlerVSRs/>
<ButlerEaves/>
<ConcreteSuperTees/>
<ConcreteUs/>
<ConcreteBoxes/></Code></StructuralShapes></TriForma>
