	<StructuralShapes>
				<I-Shape name="" d="" tw="" width="" tf="" filletRadius="">
					<Dimensions W="" A=""/>
					<Properties>
						<Centroid/>
						<Elastic Ix="" Iy="" Sx="" Sy=""/>
					</Properties>
				</I-Shape>

				<Angle name="" d="" thickness="" width="">
					<Dimensions W="" A=""/>
					<Properties>
						<Centroid x="" y=""/>
						<Elastic Ix="" Iy="" Sx="" Sy=""/>
					</Properties>
				</Angle>

				<Channel name="" tf="" width="" tw="" d="">
					<Dimensions W="" A=""/>
					<Properties>
						<Centroid x="" y=""/>
						<Elastic Ix="" Iy="" Sx="" Sy=""/>
					</Properties>
				</Channel>

				<Tee name="" d="" tw="" width="" tf="">
					<Dimensions W="" A=""/>
					<Properties>
						<Centroid x="" y=""/>
						<Elastic Ix="" Iy="" Sx="" Sy=""/>
					</Properties>
				</Tee>

				<RectangularShape name="" d="" width="">
					<Dimensions W="" A=""/>
					<Properties>
						<Centroid/>
						<Elastic/>
					</Properties>
				</RectangularShape>

				<ConcreteTee name="" d="" tw="" width="" slabThk="">
					<Dimensions W="" A=""/>
					<Properties>
						<Centroid/>
						<Elastic/>
					</Properties>
				</ConcreteTee>

				<ConcreteTeeTapered name="" d="" tw="" width="" slabThk="" twTop="">
					<Dimensions W="" A=""/>
					<Properties>
						<Centroid/>
						<Elastic/>
					</Properties>
				</ConcreteTeeTapered>

				<RectangularHollowSection name="" d="" thickness="" width="">
					<Dimensions W="" A=""/>
					<Properties>
						<Centroid/>
						<Elastic Ix="" Iy="" Sx="" Sy=""/>
					</Properties>
				</RectangularHollowSection>

				<CircularHollowSection name="" outerDiameter="" innerDiameter="">
					<Dimensions W="" A=""/>
					<Properties>
						<Centroid/>
						<Elastic Ix="" Iy="" Sx="" Sy=""/>
					</Properties>
				</CircularHollowSection>

				<ChannelsWStiffFlange name="" d="" tw="" width="" tf="" df="">
					<Dimensions W="" A=""/>
					<Properties>
						<Centroid/>
						<Elastic/>
					</Properties>
				</ChannelsWStiffFlange>

				<Zee name="" d="" tf="" tw="" b="" df="">
					<Dimensions W="" A=""/>
					<Properties>
						<Centroid/>
						<Elastic/>
					</Properties>
				</Zee>

				<ConcreteEll name="" d="" tw="" width="" slabThk="">
					<Dimensions W="" A=""/>
					<Properties>
						<Centroid/>
						<Elastic/>
					</Properties>
				</ConcreteEll>

				<ConcreteEllTaper name="" d="" tw="" width="" slabThk="" tw2="">
					<Dimensions W="" A=""/>
					<Properties>
						<Centroid/>
						<Elastic/>
					</Properties>
				</ConcreteEllTaper>

				<SolidRound name="" outerDiameter="">
					<Dimensions W="" A=""/>
					<Properties>
						<Centroid/>
						<Elastic/>
					</Properties>
				</SolidRound>

				<Trapezoid name="" d="" b1="" b2="">
					<Dimensions W="" A=""/>
					<Properties>
						<Centroid/>
						<Elastic/>
					</Properties>
				</Trapezoid>

				<TaperedWebRectangle name="" d="" b1="" b2="" d2="">
					<Dimensions W="" A=""/>
					<Properties>
						<Centroid/>
						<Elastic/>
					</Properties>
				</TaperedWebRectangle>

				<DoubleTee name="" d="" width="" tw="" span="" chamfer="" tw2="" slabThk="">
					<Dimensions W="" A=""/>
					<Properties>
						<Centroid/>
						<Elastic/>
					</Properties>
				</DoubleTee>

				<PreCastIBeam name="" d="" d1="" d2="" b1="" d3="" d4="" b2="" tw="">
					<Dimensions W="" A=""/>
					<Properties>
						<Centroid/>
						<Elastic/>
					</Properties>
				</PreCastIBeam>

				<PlateGirderBox name="" width="" topThk="" botThk="" d="" lftThk="" rgtThk="">
					<Dimensions W="" A=""/>
					<Properties>
						<Centroid/>
						<Elastic/>
					</Properties>
				</PlateGirderBox>

				<PlateGirderExt name="" topThk="" topWidth="" botThk="" botWidth="" sidThk="" sidDepth="" b1="" b2="" b3="">
					<Dimensions W="" A=""/>
					<Properties>
						<Centroid/>
						<Elastic/>
					</Properties>
				</PlateGirderExt>

				<AsymmetricBeam name="" d="" tw="" b1="" tf1="" tf2="" b2="">
					<Dimensions W="" A=""/>
					<Properties>
						<Centroid/>
						<Elastic/>
					</Properties>
				</AsymmetricBeam>

				<DoubleAngle name="" singleSectionName="" spacing="" Leg1BB="">
					<Dimensions W="" A=""/>
					<Properties>
						<Centroid x="" y=""/>
						<Elastic Sx="" Sy=""/>
					</Properties>
				</DoubleAngle>

				<Hexagon name="" innerDiameter="">
					<Dimensions W="" A=""/>
					<Properties>
						<Centroid/>
						<Elastic/>
					</Properties>
				</Hexagon>

				<HexagonHollowSection name="" innerDiameter="" thickness="">
					<Dimensions W="" A=""/>
					<Properties>
						<Centroid/>
						<Elastic/>
					</Properties>
				</HexagonHollowSection>

				<Octagon name="" innerDiameter="">
					<Dimensions W="" A=""/>
					<Properties>
						<Centroid/>
						<Elastic/>
					</Properties>
				</Octagon>

				<OctagonHollowSection name="" innerDiameter="" thickness="">
					<Dimensions W="" A=""/>
					<Properties>
						<Centroid/>
						<Elastic/>
					</Properties>
				</OctagonHollowSection>
			

				<DoubleChannel name="" singleSectionName="" spacing="" Back2Back="">
					<Dimensions W="" A=""/>
					<Properties>
						<Centroid x="" y=""/>
						<Elastic/>
					</Properties>
				</DoubleChannel>
	
				<RoofDeck name="" width="" d="" span="" ribsizeTop="" ribsizeBottom="" thickness="">
					<Dimensions W="" A=""/>
					<Properties>
						<Centroid x="" y=""/>
						<Elastic Ix="" Iy="" Sx="" Sy=""/>
					</Properties>
				</RoofDeck>

	</StructuralShapes>
