<?xml version="1.0" encoding="utf-8"?>
<configuration>		
	<ValveListFullPath>C:\prj\Sergiy\RU24010-0000-220-226-003.xlsx</ValveListFullPath>
	<ValveListSheetName>Piping Line List</ValveListSheetName>
	<HeaderRow>10</HeaderRow>
  <!--Note: The following type in column index number-->
  <ElementIDColumnIndex>1</ElementIDColumnIndex>
	<SizeColumnIndex>6</SizeColumnIndex>
	<TypeColumnIndex>7</TypeColumnIndex>
	<SpecColumnIndex>9</SpecColumnIndex>
	<PIDColumnIndex>13</PIDColumnIndex>
</configuration>