<?xml version="1.0" encoding="utf-8"?>
<configuration>		
	<MELFullPath>C:\Users\sui55523\Desktop\Sergiy\H365316-00000-240-216-0001.xlsx</MELFullPath>
	<MELSheetName>MEL</MELSheetName>
	<AreaColumnNo>4</AreaColumnNo>
	<EquipmentCodeColumnNo>5</EquipmentCodeColumnNo>
  <SequentiallNoColumnNo>6</SequentiallNoColumnNo>
  <TagNumberColumnNo>7</TagNumberColumnNo>
  <Description1ColumnNo>8</Description1ColumnNo>
	<Description2ColumnNo>9</Description2ColumnNo>
  <PFDNumberColumnNo>21</PFDNumberColumnNo>
  <ElementIdColumnNo>41</ElementIdColumnNo>
  <BorderName>H358705_PFS_A1.dgn</BorderName>
  <EqpTagPattern>^\d{2,4}-[a-zA-Z]{2,3}-\d{2,4}$</EqpTagPattern>
</configuration>